id,satisfaction_v2,Gender,Customer Type,Age,Type of Travel,Class,Flight Distance,Seat comfort,Departure/Arrival time convenient,Food and drink,Gate location,Inflight wifi service,Inflight entertainment,Online support,Ease of Online booking,On-board service,Leg room service,Baggage handling,Checkin service,Cleanliness,Online boarding,Departure Delay in Minutes,Arrival Delay in Minutes
11112,satisfied,Female,Loyal Customer,65,Personal Travel,Eco,265,0,0,0,2,2,4,2,3,3,0,3,5,3,2,0,0
110278,satisfied,Male,Loyal Customer,47,Personal Travel,Business,2464,0,0,0,3,0,2,2,3,4,4,4,2,3,2,310,305
103199,satisfied,Female,Loyal Customer,15,Personal Travel,Eco,2138,0,0,0,3,2,0,2,2,3,3,4,4,4,2,0,0
47462,satisfied,Female,Loyal Customer,60,Personal Travel,Eco,623,0,0,0,3,3,4,3,1,1,0,1,4,1,3,0,0
120011,satisfied,Female,Loyal Customer,70,Personal Travel,Eco,354,0,0,0,3,4,3,4,2,2,0,2,4,2,5,0,0
100744,satisfied,Male,Loyal Customer,30,Personal Travel,Eco,1894,0,0,0,3,2,0,2,2,5,4,5,5,4,2,0,0
32838,satisfied,Female,Loyal Customer,66,Personal Travel,Eco,227,0,0,0,3,2,5,5,5,5,0,5,5,5,3,17,15
32864,satisfied,Male,Loyal Customer,10,Personal Travel,Eco,1812,0,0,0,3,2,0,2,2,3,3,4,5,4,2,0,0
53786,satisfied,Female,Loyal Customer,56,Personal Travel,Business,73,0,0,0,3,5,3,5,4,4,0,1,5,4,4,0,0
7243,satisfied,Male,Loyal Customer,22,Personal Travel,Eco,1556,0,0,0,3,2,0,2,2,2,4,5,3,4,2,30,26
89429,satisfied,Female,Loyal Customer,58,Personal Travel,Eco,104,0,0,0,3,3,3,3,3,3,0,1,2,3,5,47,48
126744,satisfied,Female,Loyal Customer,34,Personal Travel,Eco,3633,0,0,0,4,2,0,2,2,3,2,5,2,5,2,0,0
89717,satisfied,Male,Loyal Customer,62,Personal Travel,Eco,1695,0,0,0,4,5,0,5,5,1,3,2,2,4,5,0,0
121486,satisfied,Male,Loyal Customer,35,Personal Travel,Eco,1766,0,1,0,1,4,0,4,4,3,5,2,3,2,4,0,0
32848,satisfied,Female,Loyal Customer,47,Personal Travel,Eco,84,0,1,0,1,5,2,1,5,5,0,5,2,5,2,40,48
32923,satisfied,Male,Loyal Customer,60,Personal Travel,Eco,1373,0,1,0,1,1,0,1,1,3,4,1,4,2,1,0,0
129341,satisfied,Female,Loyal Customer,13,Personal Travel,Eco,3693,0,1,0,2,4,0,4,4,4,4,1,3,1,4,5,0
129306,satisfied,Female,Loyal Customer,52,Personal Travel,Business,2610,0,1,0,2,1,2,2,1,1,0,1,2,1,3,0,0
55441,satisfied,Female,Loyal Customer,55,Personal Travel,Eco,2554,0,1,0,2,0,1,1,2,1,1,2,1,3,1,0,0
99352,satisfied,Female,Loyal Customer,28,Personal Travel,Eco,3095,0,1,0,2,3,0,3,3,2,5,2,3,2,3,0,0
74225,satisfied,Female,Loyal Customer,9,Personal Travel,Eco,3305,0,1,0,2,3,0,5,3,1,1,1,3,3,3,0,0
98290,satisfied,Female,Loyal Customer,10,Personal Travel,Eco,2090,0,1,0,2,1,0,1,1,3,5,1,4,2,1,0,0
79465,satisfied,Female,Loyal Customer,25,Personal Travel,Eco,2122,0,1,0,2,2,0,4,2,4,1,3,1,3,2,0,0
17764,satisfied,Male,Loyal Customer,53,Personal Travel,Business,1099,0,1,0,2,1,3,3,1,1,0,1,3,1,1,0,0
77851,satisfied,Female,Loyal Customer,16,Personal Travel,Eco Plus,1747,0,1,0,2,2,0,2,2,3,3,2,4,3,2,0,0
82474,satisfied,Male,Loyal Customer,30,Personal Travel,Eco,1817,0,1,0,2,4,0,4,4,2,1,3,3,2,4,0,0
95756,satisfied,Male,Loyal Customer,64,Personal Travel,Eco,1707,0,1,0,2,5,0,3,5,4,4,2,3,2,5,0,0
50537,satisfied,Female,Loyal Customer,42,Personal Travel,Eco,470,0,1,0,2,3,2,2,3,3,0,3,1,3,4,2,23
34981,satisfied,Male,Loyal Customer,9,Personal Travel,Eco,972,0,1,0,2,4,0,4,4,4,3,3,1,3,4,0,0
35696,satisfied,Female,Loyal Customer,35,Personal Travel,Eco,3695,0,1,0,3,0,4,4,2,2,3,4,4,3,4,0,0
127654,satisfied,Male,Loyal Customer,62,Personal Travel,Eco Plus,2948,0,1,0,3,5,0,5,5,4,1,2,2,2,5,34,19
101880,satisfied,Female,Loyal Customer,21,Personal Travel,Eco,2823,0,1,0,3,2,0,2,2,2,2,2,2,3,2,4,0
34012,satisfied,Female,Loyal Customer,20,Personal Travel,Eco,2485,0,1,0,3,2,0,2,2,2,3,3,4,3,2,0,0
69128,satisfied,Female,Loyal Customer,26,Personal Travel,Eco,2408,0,1,0,3,4,0,4,4,1,4,4,2,3,4,0,0
101823,satisfied,Female,Loyal Customer,20,Personal Travel,Eco,3009,0,1,0,3,4,0,3,4,1,2,3,1,4,4,0,0
27828,satisfied,Female,Loyal Customer,48,Personal Travel,Eco,1449,0,1,0,3,3,3,2,2,2,1,2,4,2,2,0,2
54186,satisfied,Female,Loyal Customer,10,Personal Travel,Eco,3209,0,1,0,3,4,0,4,4,4,3,3,1,4,4,0,0
120250,satisfied,Male,Loyal Customer,57,Personal Travel,Eco,2840,0,1,0,3,4,0,4,4,2,4,2,4,3,4,0,0
54254,satisfied,Male,Loyal Customer,25,Personal Travel,Eco,2534,0,1,0,3,2,0,2,2,3,5,2,1,4,2,0,0
112229,satisfied,Female,Loyal Customer,31,Personal Travel,Eco,2162,0,1,0,3,2,0,3,2,1,4,2,1,2,2,13,0
110246,satisfied,Female,Loyal Customer,22,Personal Travel,Eco,2352,0,1,0,3,3,0,3,3,2,1,2,2,3,3,0,0
35422,satisfied,Female,Loyal Customer,17,Personal Travel,Eco,2748,0,1,0,3,1,4,4,3,1,3,4,4,1,4,427,440
109946,satisfied,Male,Loyal Customer,33,Personal Travel,Eco,2045,0,1,0,3,1,0,4,1,4,5,4,3,3,1,15,0
63086,satisfied,Male,Loyal Customer,32,Personal Travel,Eco,2343,0,1,0,3,1,0,1,1,2,2,1,1,3,1,0,0
112170,satisfied,Female,Loyal Customer,60,Personal Travel,Eco,912,0,1,0,3,4,3,4,2,2,0,2,4,2,1,10,2
103278,satisfied,Female,Loyal Customer,38,Personal Travel,Eco Plus,2139,0,1,0,3,5,0,5,5,3,5,3,3,2,5,0,0
110156,satisfied,Female,Loyal Customer,29,Personal Travel,Eco,1918,0,1,0,3,5,0,5,5,1,3,3,3,4,5,16,5
57712,satisfied,Male,Loyal Customer,42,Personal Travel,Eco,2311,0,1,0,3,1,0,1,1,1,4,3,2,3,1,0,0
110275,satisfied,Female,Loyal Customer,31,Personal Travel,Business,1599,0,1,0,3,2,0,2,2,4,2,3,3,3,2,10,0
78393,satisfied,Male,Loyal Customer,34,Personal Travel,Eco,1816,0,1,0,3,4,0,4,4,1,1,2,3,2,4,0,0
74155,satisfied,Male,Loyal Customer,24,Personal Travel,Eco,1826,0,1,0,3,3,0,2,3,2,2,3,4,3,3,0,0
61367,satisfied,Male,Loyal Customer,56,Personal Travel,Business,715,0,1,0,3,2,4,4,4,4,0,4,4,4,3,0,0
47477,satisfied,Male,Loyal Customer,13,Personal Travel,Eco,2306,0,1,0,3,4,0,3,4,4,2,3,2,2,4,0,0
40079,satisfied,Female,Loyal Customer,26,Personal Travel,Eco,1846,0,1,0,3,3,0,1,3,3,2,4,1,3,3,0,0
84942,satisfied,Female,Loyal Customer,25,Personal Travel,Eco,1783,0,1,0,3,2,0,2,2,1,4,4,4,3,2,0,0
9834,satisfied,Male,Loyal Customer,30,Personal Travel,Eco,1826,0,1,0,3,5,0,5,5,4,4,3,3,3,5,0,0
6190,satisfied,Female,Loyal Customer,22,Personal Travel,Eco,1542,0,1,0,3,2,0,2,2,2,2,3,1,3,2,0,0
103716,satisfied,Female,Loyal Customer,65,Personal Travel,Eco,423,0,1,0,3,4,4,3,2,2,0,1,3,2,4,0,0
91062,satisfied,Male,Loyal Customer,24,Personal Travel,Eco,1473,0,1,0,3,5,0,5,5,1,1,4,4,3,5,11,1
40642,satisfied,Male,Loyal Customer,37,Personal Travel,Eco Plus,1887,0,1,0,3,1,0,1,1,2,5,3,1,3,1,0,0
116413,satisfied,Male,Loyal Customer,34,Personal Travel,Eco,1952,0,1,0,3,2,0,2,2,3,4,4,4,4,2,10,0
9397,satisfied,Female,Loyal Customer,7,Personal Travel,Eco,1598,0,1,0,3,3,0,3,3,2,2,4,3,4,3,0,0
86272,satisfied,Female,Loyal Customer,39,Personal Travel,Eco,1830,0,1,0,3,2,0,2,2,3,4,3,2,3,2,0,0
87516,satisfied,Female,Loyal Customer,11,Personal Travel,Eco,1761,0,1,0,3,3,0,3,3,1,2,3,2,3,3,0,0
86239,satisfied,Female,Loyal Customer,52,Personal Travel,Eco,332,0,1,0,3,5,4,3,3,3,0,3,4,3,4,0,0
90391,satisfied,Male,Loyal Customer,24,Personal Travel,Business,1303,0,1,0,3,4,0,4,4,2,3,3,1,4,4,5,0
50531,satisfied,Male,Loyal Customer,10,Personal Travel,Eco,1624,0,1,0,3,1,0,1,1,3,1,4,1,3,1,0,0
50540,satisfied,Male,Loyal Customer,52,Personal Travel,Eco,1744,0,1,0,3,2,0,2,2,1,5,2,2,3,2,0,7
20466,satisfied,Male,Loyal Customer,60,Personal Travel,Eco,868,0,1,0,3,3,0,3,3,4,1,3,2,4,3,0,0
35724,satisfied,Female,Loyal Customer,49,Personal Travel,Eco Plus,2497,0,1,0,4,1,2,4,2,2,0,2,3,2,2,9,0
73115,satisfied,Female,Loyal Customer,8,Personal Travel,Eco,2869,0,1,0,4,4,0,4,4,2,1,3,3,4,4,1,0
104651,satisfied,Female,Loyal Customer,40,Personal Travel,Eco,3516,0,1,0,4,1,0,1,1,3,1,4,2,4,1,0,0
75274,satisfied,Female,Loyal Customer,33,Personal Travel,Eco,2891,0,1,0,4,1,0,1,1,4,4,4,2,4,1,0,0
84153,satisfied,Male,Loyal Customer,8,Personal Travel,Eco,2457,0,1,0,4,3,0,3,3,3,5,2,4,4,3,0,0
80675,satisfied,Male,Loyal Customer,49,Personal Travel,Eco,1911,0,1,0,4,2,0,1,2,1,1,3,1,4,2,0,0
68125,satisfied,Male,Loyal Customer,38,Personal Travel,Eco,2498,0,1,0,4,5,0,2,5,4,2,3,2,4,5,0,1
66745,satisfied,Male,Loyal Customer,49,Personal Travel,Eco,2316,0,1,0,4,2,0,2,2,3,5,4,3,4,2,1,0
9121,satisfied,Male,Loyal Customer,21,Personal Travel,Eco,2095,0,1,0,4,4,0,4,4,1,4,3,4,4,4,0,0
71261,satisfied,Female,Loyal Customer,13,Personal Travel,Eco,1755,0,1,0,4,5,0,5,5,3,1,4,2,4,5,15,8
13395,satisfied,Male,Loyal Customer,70,Personal Travel,Eco,1650,0,1,0,4,4,0,4,4,1,4,4,4,4,4,19,45
22012,satisfied,Female,Loyal Customer,45,Personal Travel,Eco,488,0,1,0,4,1,4,3,5,5,0,5,2,5,1,0,0
106157,satisfied,Female,Loyal Customer,67,Personal Travel,Eco,465,0,1,0,4,2,3,4,4,4,0,2,1,4,3,35,69
14324,satisfied,Female,Loyal Customer,59,Personal Travel,Eco,474,0,1,0,4,4,3,3,3,3,0,3,1,3,1,0,0
105364,satisfied,Male,Loyal Customer,48,Personal Travel,Business,374,0,1,0,4,2,3,3,5,5,0,1,3,5,3,14,13
95407,satisfied,Female,Loyal Customer,44,Personal Travel,Eco,365,0,1,0,4,3,4,3,5,5,0,5,4,5,3,0,0
57912,satisfied,Female,Loyal Customer,52,Personal Travel,Eco,351,0,1,0,4,4,3,4,5,5,0,5,3,5,4,0,0
108007,satisfied,Female,Loyal Customer,9,Personal Travel,Eco,2175,0,1,0,4,5,0,4,5,4,2,3,2,4,5,0,3
24245,satisfied,Male,Loyal Customer,69,Personal Travel,Eco,1428,0,1,0,4,4,0,4,4,4,4,3,2,3,4,0,0
50620,satisfied,Male,Loyal Customer,51,Personal Travel,Eco,986,0,1,0,4,5,0,5,5,1,5,3,1,3,5,2,12
9247,satisfied,Male,Loyal Customer,9,Personal Travel,Eco,1628,0,1,0,4,3,0,4,3,3,2,3,1,4,3,0,0
70603,satisfied,Male,Loyal Customer,40,Personal Travel,Eco,4161,0,1,1,1,1,4,4,4,4,1,2,4,3,4,0,0
62807,satisfied,Female,Loyal Customer,33,Personal Travel,Eco,3505,0,1,1,2,2,1,2,2,3,5,3,4,2,2,0,0
113095,satisfied,Female,Loyal Customer,18,Personal Travel,Eco,1948,0,1,1,3,2,1,2,2,3,2,2,1,2,2,15,10
100085,satisfied,Female,Loyal Customer,23,Personal Travel,Eco Plus,1546,0,2,0,1,5,0,5,5,3,3,5,5,5,5,0,2
26304,satisfied,Male,Loyal Customer,49,Personal Travel,Eco Plus,2044,0,2,0,2,2,0,2,2,2,4,3,4,3,2,0,0
73240,satisfied,Male,Loyal Customer,39,Personal Travel,Eco Plus,2554,0,2,0,2,5,2,5,5,1,1,3,3,2,5,0,0
100517,satisfied,Male,Loyal Customer,37,Personal Travel,Eco,2387,0,2,0,2,1,0,1,1,3,3,2,3,2,1,0,0
100519,satisfied,Female,Loyal Customer,12,Personal Travel,Eco,2152,0,2,0,2,2,0,2,2,2,5,1,4,1,2,0,0
116209,satisfied,Male,Loyal Customer,64,Personal Travel,Eco,2141,0,2,0,2,4,0,2,4,2,2,3,2,2,4,6,1
42530,satisfied,Male,Loyal Customer,46,Personal Travel,Eco Plus,1068,0,2,0,2,4,0,4,4,2,5,3,2,2,4,0,0
3440,satisfied,Male,Loyal Customer,38,Personal Travel,Eco,1913,0,2,0,2,2,0,2,2,4,5,3,3,2,2,0,6
53903,satisfied,Female,Loyal Customer,38,Personal Travel,Eco,897,0,2,0,2,2,0,3,2,1,1,1,2,3,2,6,0
28590,satisfied,Female,Loyal Customer,25,Personal Travel,Eco,3248,0,2,0,3,2,0,2,2,4,3,3,1,4,2,0,0
76210,satisfied,Female,Loyal Customer,13,Personal Travel,Eco Plus,3842,0,2,0,3,3,0,2,3,1,2,1,1,2,3,0,0
28278,satisfied,Male,Loyal Customer,20,Personal Travel,Eco,3865,0,2,0,3,0,5,5,2,5,3,3,5,2,5,0,0
121187,satisfied,Female,Loyal Customer,64,Personal Travel,Eco,2441,0,2,0,3,0,3,3,1,2,4,4,3,2,3,0,0
53493,satisfied,Male,Loyal Customer,41,Personal Travel,Eco,3332,0,2,0,3,4,0,4,4,3,5,3,1,3,4,0,0
74848,satisfied,Male,Loyal Customer,10,Personal Travel,Business,3432,0,2,0,3,4,0,4,4,1,4,3,1,4,4,1,0
79226,satisfied,Female,Loyal Customer,21,Personal Travel,Eco Plus,3799,0,2,0,3,5,2,5,5,3,1,3,2,4,5,27,8
74257,satisfied,Male,Loyal Customer,54,Personal Travel,Eco,3504,0,2,0,3,4,0,4,4,1,5,3,4,4,4,0,0
92851,satisfied,Female,Loyal Customer,46,Personal Travel,Eco Plus,1620,0,2,0,3,3,3,3,4,4,0,4,4,4,1,5,0
55843,satisfied,Female,Loyal Customer,27,Personal Travel,Eco,3024,0,2,0,3,1,0,1,1,1,1,2,3,3,1,0,0
77174,satisfied,Male,Loyal Customer,67,Personal Travel,Eco,2532,0,2,0,3,2,0,2,2,4,3,3,3,4,2,0,0
61792,satisfied,Male,Loyal Customer,58,Personal Travel,Eco,2759,0,2,0,3,2,0,2,2,1,3,2,3,3,2,10,0
92753,satisfied,Female,Loyal Customer,9,Personal Travel,Eco,2734,0,2,0,3,3,0,3,3,1,1,2,3,3,3,0,0
27656,satisfied,Male,Loyal Customer,45,Personal Travel,Business,1237,0,2,0,3,4,3,3,1,1,0,1,4,1,1,20,15
74345,satisfied,Male,Loyal Customer,57,Personal Travel,Business,1165,0,2,0,3,5,4,4,2,2,0,3,2,2,3,0,0
69434,satisfied,Female,Loyal Customer,63,Personal Travel,Eco,1109,0,2,0,3,3,3,3,4,4,0,4,1,4,1,0,0
7756,satisfied,Female,Loyal Customer,16,Personal Travel,Eco,2157,0,2,0,3,3,0,3,3,1,3,3,4,2,3,0,0
121326,satisfied,Male,Loyal Customer,10,Personal Travel,Eco,1863,0,2,0,3,4,0,4,4,1,3,4,2,3,4,0,0
88903,satisfied,Male,Loyal Customer,17,Personal Travel,Eco,2410,0,2,0,3,1,0,1,1,4,5,3,1,4,1,0,0
18306,satisfied,Female,Loyal Customer,33,Personal Travel,Eco Plus,2359,0,2,0,3,3,0,4,3,2,1,4,4,4,3,0,0
43497,satisfied,Male,Loyal Customer,70,Personal Travel,Eco,1686,0,2,0,3,1,0,1,1,3,1,2,3,2,1,0,0
78516,satisfied,Female,Loyal Customer,45,Personal Travel,Eco,673,0,2,0,3,1,2,3,3,3,0,3,1,3,2,3,1
59237,satisfied,Female,Loyal Customer,32,Personal Travel,Eco,1657,0,2,0,3,2,0,2,2,2,2,4,4,4,2,0,3
16804,satisfied,Male,Loyal Customer,65,Personal Travel,Business,651,0,2,0,3,3,4,4,3,3,0,3,1,3,2,0,0
51741,satisfied,Female,Loyal Customer,65,Personal Travel,Eco,614,0,2,0,3,4,5,5,2,2,0,2,4,2,3,90,80
72193,satisfied,Female,Loyal Customer,20,Personal Travel,Eco,1894,0,2,0,3,1,2,1,1,2,3,4,1,4,1,0,3
13205,satisfied,Male,Loyal Customer,17,Personal Travel,Eco Plus,1911,0,2,0,3,5,0,5,5,2,5,2,1,2,5,0,0
77905,satisfied,Female,Loyal Customer,30,Personal Travel,Eco,1647,0,2,0,3,3,0,3,3,3,1,4,3,4,3,3,0
120465,satisfied,Male,Loyal Customer,24,Personal Travel,Eco,1856,0,2,0,3,5,0,3,5,2,5,4,2,3,5,1,0
51800,satisfied,Female,Loyal Customer,39,Personal Travel,Eco,1642,0,2,0,3,5,0,5,5,3,3,4,3,3,5,0,0
91216,satisfied,Female,Loyal Customer,33,Personal Travel,Eco,1949,0,2,0,3,5,0,2,5,3,2,4,3,3,5,0,0
124725,satisfied,Female,Loyal Customer,64,Personal Travel,Eco,419,0,2,0,3,3,4,3,1,1,0,1,3,1,1,0,0
80741,satisfied,Female,Loyal Customer,37,Personal Travel,Eco,1571,0,2,0,3,3,0,3,3,3,5,4,4,4,3,0,0
1738,satisfied,Male,Loyal Customer,61,Personal Travel,Eco,1119,0,2,0,3,3,0,3,3,2,1,4,3,4,3,2,0
14510,satisfied,Male,Loyal Customer,60,Personal Travel,Eco,1190,0,2,0,3,1,0,1,1,1,5,3,2,3,1,0,0
116046,satisfied,Female,Loyal Customer,28,Personal Travel,Eco,1844,0,2,0,3,4,0,4,4,2,5,4,3,3,4,1,0
111056,satisfied,Male,Loyal Customer,26,Personal Travel,Eco,959,0,2,0,3,3,0,3,3,3,4,3,2,4,3,0,0
86233,satisfied,Female,Loyal Customer,41,Personal Travel,Eco,2109,0,2,0,3,5,0,5,5,2,5,4,1,4,5,0,0
19093,satisfied,Female,Loyal Customer,57,Personal Travel,Eco,317,0,2,0,3,5,2,3,1,1,0,1,4,1,4,0,0
1121,satisfied,Male,Loyal Customer,47,Personal Travel,Eco,1977,0,2,0,3,2,0,2,2,2,2,2,4,2,2,0,0
8708,satisfied,Female,Loyal Customer,61,Personal Travel,Eco,291,0,2,0,3,1,3,4,2,2,0,2,1,2,1,0,2
34460,satisfied,Female,Loyal Customer,29,Personal Travel,Eco,1820,0,2,0,3,1,0,1,1,2,1,3,1,3,1,0,0
1063,satisfied,Male,Loyal Customer,67,Personal Travel,Eco,1721,0,2,0,3,5,0,5,5,4,1,3,3,4,5,9,0
61021,satisfied,Female,Loyal Customer,21,Personal Travel,Eco,4804,0,2,0,4,5,0,5,5,4,1,4,2,3,5,20,
80199,satisfied,Male,Loyal Customer,26,Personal Travel,Eco,3466,0,2,0,4,2,0,2,2,3,1,3,2,4,2,0,0
54327,satisfied,Male,Loyal Customer,30,Personal Travel,Eco,2825,0,2,0,4,1,0,1,1,4,1,2,2,3,1,0,0
29656,satisfied,Male,Loyal Customer,36,Personal Travel,Eco,2561,0,2,0,4,2,0,2,2,2,2,2,4,4,2,0,0
126608,satisfied,Male,Loyal Customer,49,Personal Travel,Eco,2762,0,2,0,4,2,0,4,2,4,1,4,3,4,2,0,15
60175,satisfied,Female,Loyal Customer,49,Personal Travel,Eco,1184,0,2,0,4,1,2,4,3,3,2,3,2,3,2,12,0
111455,satisfied,Female,Loyal Customer,48,Personal Travel,Eco,1066,0,2,0,4,5,4,4,2,2,0,2,3,2,1,14,7
14589,satisfied,Female,Loyal Customer,17,Personal Travel,Eco,1740,0,2,0,4,3,0,3,3,4,3,3,2,4,3,0,0
79999,satisfied,Female,Loyal Customer,10,Personal Travel,Eco,1970,0,2,0,4,3,0,3,3,1,3,4,4,3,3,0,0
35427,satisfied,Female,Loyal Customer,55,Personal Travel,Eco,994,0,2,0,4,2,4,3,3,3,0,3,1,3,3,68,80
56786,satisfied,Male,Loyal Customer,48,Personal Travel,Eco Plus,2391,0,2,0,4,1,0,1,1,3,1,3,3,4,1,0,0
75763,satisfied,Male,Loyal Customer,58,Personal Travel,Eco,2032,0,2,0,4,4,0,4,4,3,5,2,2,4,4,0,0
41747,satisfied,Female,Loyal Customer,50,Personal Travel,Eco,726,0,2,0,4,3,3,4,5,5,0,5,2,5,2,0,1
43969,satisfied,Male,Loyal Customer,31,Personal Travel,Eco,2206,0,2,0,4,4,0,4,4,1,1,2,4,3,4,0,0
3099,satisfied,Female,Loyal Customer,25,Personal Travel,Eco,2268,0,2,0,4,2,2,2,2,4,3,3,2,4,2,0,3
96249,satisfied,Male,Loyal Customer,29,Personal Travel,Eco,1743,0,2,0,4,5,0,5,5,3,2,4,4,4,5,0,0
99815,satisfied,Female,Loyal Customer,68,Personal Travel,Business,503,0,2,0,4,5,3,3,4,4,0,4,1,4,2,0,0
1832,satisfied,Female,Loyal Customer,48,Personal Travel,Eco,457,0,2,0,4,5,4,4,4,4,0,4,4,4,3,0,0
103701,satisfied,Male,Loyal Customer,54,Personal Travel,Eco,1200,0,2,0,4,4,0,4,4,4,1,3,4,4,4,0,0
118695,satisfied,Male,Loyal Customer,68,Personal Travel,Eco,1732,0,2,0,4,4,0,4,4,3,2,3,2,3,4,0,0
94095,satisfied,Female,Loyal Customer,63,Personal Travel,Business,296,0,2,0,4,1,4,3,1,1,0,1,3,1,1,0,0
113631,satisfied,Female,Loyal Customer,28,Personal Travel,Eco,2096,0,2,0,4,4,0,4,4,3,1,4,3,3,4,1,0
2594,satisfied,Female,Loyal Customer,63,Personal Travel,Eco,231,0,2,0,4,2,4,3,4,4,0,5,4,4,2,0,0
39875,satisfied,Female,Loyal Customer,26,Personal Travel,Eco,1636,0,2,0,4,5,0,5,5,2,5,3,4,3,5,0,0
87885,satisfied,Female,Loyal Customer,11,Personal Travel,Eco Plus,1394,0,2,0,4,3,0,3,3,2,1,3,2,4,3,0,0
89437,satisfied,Female,Loyal Customer,16,Personal Travel,Eco,1399,0,2,0,4,5,0,5,5,2,1,3,1,3,5,0,0
44540,satisfied,Male,Loyal Customer,49,Personal Travel,Eco,1282,0,2,0,4,2,0,2,2,1,2,4,2,4,2,0,0
50662,satisfied,Male,Loyal Customer,17,Personal Travel,Eco,2008,0,2,0,4,2,0,2,2,4,4,3,1,4,2,0,0
80670,satisfied,Female,Loyal Customer,62,Personal Travel,Eco,832,0,2,1,2,1,2,3,2,2,1,2,4,2,3,0,0
67280,satisfied,Female,Loyal Customer,18,Personal Travel,Eco,2441,0,2,1,4,1,1,1,1,2,2,2,2,3,1,13,4
75052,satisfied,Male,Loyal Customer,24,Personal Travel,Eco,3219,0,3,0,1,3,0,3,3,4,2,5,5,5,3,93,86
53389,satisfied,Male,Loyal Customer,12,Personal Travel,Eco,2794,0,3,0,1,3,0,3,3,3,2,4,2,2,3,14,1
13363,satisfied,Female,Loyal Customer,39,Personal Travel,Eco,2274,0,3,0,1,2,0,1,2,5,2,1,2,2,2,0,0
39601,satisfied,Male,Loyal Customer,46,Personal Travel,Eco,2179,0,3,0,1,5,0,3,5,1,5,1,3,2,5,0,0
124382,satisfied,Male,Loyal Customer,55,Personal Travel,Eco,1656,0,3,0,1,4,0,4,4,3,1,3,3,3,4,0,0
70163,satisfied,Female,Loyal Customer,18,Personal Travel,Eco,2411,0,3,0,1,3,0,5,3,2,3,4,2,1,3,0,0
122382,satisfied,Male,Loyal Customer,7,Personal Travel,Eco,1817,0,3,0,1,1,0,1,1,1,2,2,1,3,1,1,5
6189,satisfied,Male,Loyal Customer,13,Personal Travel,Eco,1644,0,3,0,1,2,0,2,2,2,1,3,5,1,2,0,0
44443,satisfied,Male,Loyal Customer,62,Personal Travel,Eco,1595,0,3,0,1,1,0,1,1,1,3,5,5,2,1,0,0
119423,satisfied,Female,Loyal Customer,49,Personal Travel,Eco,427,0,3,0,1,2,4,3,1,1,0,1,2,1,3,0,0
86916,satisfied,Female,Loyal Customer,36,Personal Travel,Eco,1713,0,3,0,1,1,0,4,1,2,5,1,3,4,1,0,0
54214,satisfied,Male,Loyal Customer,44,Personal Travel,Eco Plus,2680,0,3,0,2,1,0,1,1,5,5,1,2,1,1,7,0
81056,satisfied,Female,Loyal Customer,27,Personal Travel,Eco,2743,0,3,0,2,4,0,4,4,1,2,2,4,3,4,0,2
67262,satisfied,Female,Loyal Customer,9,Personal Travel,Eco,1900,0,3,0,2,4,0,4,4,2,1,3,1,3,4,0,0
56666,satisfied,Male,Loyal Customer,51,Personal Travel,Eco,2719,0,3,0,2,3,0,3,3,3,3,2,2,2,3,29,13
70703,satisfied,Female,Loyal Customer,27,Personal Travel,Eco,1866,0,3,0,2,2,0,2,2,3,3,3,2,3,2,0,0
108623,satisfied,Female,Loyal Customer,47,Personal Travel,Eco,706,0,3,0,2,2,3,5,2,2,0,2,1,2,4,0,0
18901,satisfied,Female,Loyal Customer,48,Personal Travel,Eco,538,0,3,0,2,3,2,2,5,5,0,5,1,5,3,66,57
128921,satisfied,Male,Loyal Customer,15,Personal Travel,Business,1583,0,3,0,2,2,0,2,2,4,4,2,4,3,2,0,0
103705,satisfied,Female,Loyal Customer,7,Personal Travel,Eco,1890,0,3,0,2,1,0,1,1,2,2,5,1,2,1,0,0
33030,satisfied,Male,Loyal Customer,62,Personal Travel,Eco,1008,0,3,0,2,3,0,3,3,1,4,4,2,1,3,0,2
63808,satisfied,Female,Loyal Customer,42,Personal Travel,Eco,2768,0,3,0,3,5,5,5,5,5,0,5,3,5,3,0,0
72095,satisfied,Female,Loyal Customer,64,Personal Travel,Eco,2573,0,3,0,3,4,3,4,2,2,0,2,2,2,3,0,0
61866,satisfied,Male,Loyal Customer,53,Personal Travel,Business,2522,0,3,0,3,2,4,4,3,3,3,3,3,3,1,0,3
58970,satisfied,Female,Loyal Customer,42,Personal Travel,Business,1794,0,3,0,3,5,3,4,4,4,0,4,3,4,3,10,0
127904,satisfied,Female,Loyal Customer,22,Personal Travel,Eco,2676,0,3,0,3,3,0,3,3,2,3,1,3,1,3,12,5
55849,satisfied,Male,Loyal Customer,19,Personal Travel,Eco,3109,0,3,0,3,4,0,4,4,2,2,4,3,4,4,0,0
108201,satisfied,Male,Loyal Customer,28,Personal Travel,Eco Plus,2035,0,3,0,3,1,0,4,1,2,1,3,3,3,1,7,0
68417,satisfied,Female,Loyal Customer,61,Personal Travel,Eco,1076,0,3,0,3,2,3,2,4,4,0,4,4,4,5,0,3
65748,satisfied,Female,Loyal Customer,62,Personal Travel,Eco,953,0,3,0,3,1,2,1,3,3,0,3,4,3,3,0,0
41680,satisfied,Male,Loyal Customer,23,Personal Travel,Eco,2858,0,3,0,3,5,0,5,5,3,3,4,4,3,5,0,14
103295,satisfied,Male,Loyal Customer,34,Personal Travel,Eco,2139,0,3,0,3,1,0,1,1,1,3,3,1,4,1,0,0
68108,satisfied,Male,Loyal Customer,19,Personal Travel,Eco,2493,0,3,0,3,4,0,4,4,4,1,2,1,3,4,3,3
58253,satisfied,Male,Loyal Customer,67,Personal Travel,Eco,2041,0,3,0,3,5,0,5,5,3,1,5,4,1,5,0,0
68132,satisfied,Female,Loyal Customer,63,Personal Travel,Eco,858,0,3,0,3,4,2,3,1,1,0,1,3,1,2,0,0
80326,satisfied,Female,Loyal Customer,29,Personal Travel,Eco,2383,0,3,0,3,5,0,5,5,3,2,3,3,3,5,0,0
71257,satisfied,Female,Loyal Customer,51,Personal Travel,Eco,748,0,3,0,3,3,4,5,2,2,0,2,2,2,2,0,0
69263,satisfied,Male,Loyal Customer,22,Personal Travel,Eco,1421,0,3,0,3,2,3,2,2,5,4,5,2,4,2,0,9
27578,satisfied,Female,Loyal Customer,9,Personal Travel,Eco,2037,0,3,0,3,3,0,3,3,3,4,3,2,3,3,0,1
7824,satisfied,Female,Loyal Customer,57,Personal Travel,Eco,679,0,3,0,3,4,1,3,4,4,0,4,3,4,3,0,0
71169,satisfied,Female,Loyal Customer,26,Personal Travel,Eco Plus,2237,0,3,0,3,4,0,1,4,2,4,3,2,4,4,2,0
65389,satisfied,Male,Loyal Customer,7,Personal Travel,Eco,1871,0,3,0,3,5,0,5,5,1,5,3,1,4,5,0,0
3105,satisfied,Male,Loyal Customer,12,Personal Travel,Eco,1856,0,3,0,3,1,0,1,1,1,1,3,1,4,1,0,0
122270,satisfied,Male,Loyal Customer,17,Personal Travel,Eco,1865,0,3,0,3,2,0,4,2,5,3,1,5,2,2,0,0
50918,satisfied,Female,Loyal Customer,58,Personal Travel,Eco,437,0,3,0,3,3,3,3,4,4,0,4,3,4,3,0,0
14325,satisfied,Female,Loyal Customer,14,Personal Travel,Eco,1343,0,3,0,3,4,0,4,4,2,3,3,4,4,4,0,0
51061,satisfied,Female,Loyal Customer,57,Personal Travel,Eco,374,0,3,0,3,3,3,3,2,2,0,2,1,2,2,0,0
100742,satisfied,Male,Loyal Customer,55,Personal Travel,Eco,1422,0,3,0,3,1,0,1,1,2,4,3,3,3,1,97,96
117128,satisfied,Female,Loyal Customer,22,Personal Travel,Eco,1612,0,3,0,3,5,0,5,5,4,2,3,2,4,5,0,0
1055,satisfied,Male,Loyal Customer,59,Personal Travel,Eco,1618,0,3,0,3,3,0,3,3,3,5,2,4,2,3,0,0
94111,satisfied,Female,Loyal Customer,21,Personal Travel,Business,1471,0,3,0,3,3,0,3,3,1,2,4,2,4,3,6,2
7010,satisfied,Female,Loyal Customer,15,Personal Travel,Eco,1950,0,3,0,3,0,3,3,4,3,4,4,3,2,3,151,214
105180,satisfied,Female,Loyal Customer,27,Personal Travel,Eco,976,0,3,0,3,5,0,5,5,2,2,2,1,2,5,0,0
36334,satisfied,Male,Loyal Customer,69,Personal Travel,Eco,1758,0,3,0,3,5,0,3,5,3,2,3,4,4,5,0,0
94987,satisfied,Female,Loyal Customer,10,Personal Travel,Eco,1461,0,3,0,3,2,0,2,2,4,5,3,1,4,2,13,7
33159,satisfied,Female,Loyal Customer,22,Personal Travel,Eco,1948,0,3,0,3,5,0,5,5,1,3,4,3,2,5,0,0
34495,satisfied,Male,Loyal Customer,54,Personal Travel,Eco,3358,0,3,0,4,2,0,2,2,3,3,3,2,3,2,0,0
129058,satisfied,Female,Loyal Customer,61,Personal Travel,Eco,1870,0,3,0,4,1,3,3,4,4,0,3,2,4,3,0,0
108364,satisfied,Female,Loyal Customer,54,Personal Travel,Eco,1858,0,3,0,4,5,4,1,5,5,0,5,5,5,3,64,50
109319,satisfied,Female,Loyal Customer,33,Personal Travel,Eco,2887,0,3,0,4,3,0,3,3,1,5,3,2,4,3,31,24
41220,satisfied,Male,Loyal Customer,34,Personal Travel,Eco Plus,2623,0,3,0,4,1,0,2,1,2,5,3,1,3,1,0,2
35420,satisfied,Female,Loyal Customer,51,Personal Travel,Eco,979,0,3,0,4,1,3,2,3,3,0,3,2,3,2,0,0
82903,satisfied,Female,Loyal Customer,58,Personal Travel,Eco,622,0,3,0,4,3,1,4,1,1,0,1,3,1,3,0,0
91082,satisfied,Male,Loyal Customer,50,Personal Travel,Eco,1637,0,3,0,4,4,0,4,4,4,1,3,3,4,4,0,5
25998,satisfied,Male,Loyal Customer,12,Personal Travel,Eco,2465,0,3,0,4,3,3,3,3,2,1,3,4,4,3,0,0
4686,satisfied,Male,Loyal Customer,58,Personal Travel,Eco,1339,0,3,0,4,1,0,1,1,2,1,3,4,3,1,0,0
80856,satisfied,Male,Loyal Customer,64,Personal Travel,Eco,1459,0,3,0,4,4,0,4,4,4,3,2,4,4,4,0,0
129440,satisfied,Female,Loyal Customer,65,Personal Travel,Eco,435,0,3,0,4,3,3,3,3,3,0,3,4,3,2,0,0
47915,satisfied,Female,Loyal Customer,12,Personal Travel,Eco,2073,0,3,0,4,0,2,2,4,2,1,2,2,4,2,140,137
42354,satisfied,Male,Loyal Customer,64,Personal Travel,Eco,2225,0,3,0,4,5,0,5,5,1,3,2,4,2,5,0,0
51033,satisfied,Female,Loyal Customer,29,Personal Travel,Eco,2015,0,3,0,4,1,0,1,1,3,4,3,4,4,1,0,1
40480,satisfied,Male,Loyal Customer,28,Personal Travel,Eco,1364,0,3,0,4,2,0,4,2,1,1,3,4,3,2,0,
123691,satisfied,Male,Loyal Customer,22,Personal Travel,Eco,1922,0,3,0,4,4,0,4,4,1,2,5,5,1,4,0,0
216,satisfied,Female,Loyal Customer,35,Personal Travel,Eco,1118,0,3,0,4,3,0,3,3,4,3,4,3,4,3,0,2
50572,satisfied,Female,Loyal Customer,25,Personal Travel,Eco,1157,0,3,0,4,5,0,5,5,4,2,1,2,5,5,0,0
120537,satisfied,Female,Loyal Customer,10,Personal Travel,Business,3490,0,3,0,5,3,0,3,3,3,3,1,4,1,3,1,0
3849,satisfied,Female,Loyal Customer,14,Personal Travel,Eco,1750,0,3,0,5,3,0,3,3,5,3,1,1,5,3,0,0
105203,satisfied,Female,Loyal Customer,13,Personal Travel,Eco Plus,1372,0,3,0,5,2,0,2,2,2,5,3,4,2,2,1,3
9695,satisfied,Male,Loyal Customer,66,Personal Travel,Eco,1661,0,3,0,5,5,0,5,5,2,4,4,2,4,5,0,3
121592,satisfied,Male,Loyal Customer,25,Personal Travel,Eco,2268,0,3,1,2,3,1,2,3,3,1,2,5,1,3,0,0
35070,satisfied,Female,Loyal Customer,56,Personal Travel,Business,984,0,3,1,3,1,1,1,1,1,1,5,5,1,2,0,0
56092,satisfied,Female,Loyal Customer,17,Personal Travel,Eco Plus,3648,0,4,0,1,0,4,4,3,5,3,5,4,4,4,0,1
121175,satisfied,Male,Loyal Customer,39,Personal Travel,Eco,3582,0,4,0,1,2,0,2,2,4,2,4,3,5,2,32,18
127946,satisfied,Male,Loyal Customer,69,Personal Travel,Eco Plus,3783,0,4,0,1,1,0,1,1,5,2,3,4,4,1,6,0
127677,satisfied,Female,Loyal Customer,46,Personal Travel,Eco,2201,0,4,0,1,3,5,4,1,1,0,1,5,1,3,0,0
124067,satisfied,Female,Loyal Customer,30,Personal Travel,Eco,3568,0,4,0,1,4,0,4,4,3,5,5,4,4,4,5,0
89189,satisfied,Female,Loyal Customer,45,Personal Travel,Eco,2177,0,4,0,1,2,5,5,1,1,0,1,5,1,4,0,0
66430,satisfied,Male,Loyal Customer,12,Personal Travel,Eco Plus,3108,0,4,0,1,2,0,2,2,1,4,5,3,4,2,12,0
108633,satisfied,Female,Loyal Customer,57,Personal Travel,Eco,1566,0,4,0,1,3,4,4,1,1,0,1,4,1,3,3,3
54201,satisfied,Male,Loyal Customer,18,Personal Travel,Eco,2770,0,4,0,1,3,0,3,3,3,2,5,3,4,3,0,0
118063,satisfied,Male,Loyal Customer,24,Personal Travel,Eco,2762,0,4,0,1,4,0,4,4,4,4,3,5,5,4,8,0
104755,satisfied,Female,Loyal Customer,9,Personal Travel,Eco,2267,0,4,0,1,5,0,5,5,4,3,4,4,4,5,23,0
70631,satisfied,Female,Loyal Customer,61,Personal Travel,Eco,1222,0,4,0,1,5,5,5,4,4,0,4,4,4,4,0,0
74672,satisfied,Male,Loyal Customer,41,Personal Travel,Eco,2395,0,4,0,1,2,0,2,2,4,2,3,5,4,2,24,27
108930,satisfied,Female,Loyal Customer,60,Personal Travel,Eco,1104,0,4,0,1,3,4,4,2,2,0,2,5,2,3,0,1
64450,satisfied,Male,Loyal Customer,15,Personal Travel,Eco,2076,0,4,0,1,1,0,1,1,5,5,4,5,5,1,0,16
27540,satisfied,Female,Loyal Customer,50,Personal Travel,Eco,1002,0,4,0,1,2,5,5,2,2,0,2,5,2,3,0,1
58217,satisfied,Male,Loyal Customer,50,Personal Travel,Eco,2873,0,4,0,1,3,0,3,3,3,2,5,1,5,3,0,0
33733,satisfied,Male,Loyal Customer,19,Personal Travel,Eco,2248,0,4,0,1,2,0,2,2,5,5,4,5,5,2,6,0
35466,satisfied,Female,Loyal Customer,41,Personal Travel,Eco,1903,0,4,0,1,3,0,3,3,5,2,5,5,4,3,0,0
81394,satisfied,Male,Loyal Customer,65,Personal Travel,Eco,2253,0,4,0,1,3,0,3,3,3,2,5,4,5,3,5,0
24568,satisfied,Female,Loyal Customer,32,Personal Travel,Eco,2193,0,4,0,1,2,0,2,2,5,3,5,3,5,2,0,0
103575,satisfied,Male,Loyal Customer,50,Personal Travel,Eco,2415,0,4,0,1,1,0,1,1,4,4,4,4,5,1,0,0
29661,satisfied,Male,Loyal Customer,52,Personal Travel,Eco,2213,0,4,0,1,5,0,5,5,3,2,5,3,4,5,6,3
70742,satisfied,Female,Loyal Customer,15,Personal Travel,Eco,1818,0,4,0,1,1,0,1,1,4,4,5,5,5,1,0,0
27555,satisfied,Male,Loyal Customer,56,Personal Travel,Eco,1766,0,4,0,1,4,4,4,4,5,3,4,4,4,4,0,0
67363,satisfied,Male,Loyal Customer,46,Personal Travel,Business,678,0,4,0,1,5,4,5,3,3,0,3,4,3,4,1,0
6293,satisfied,Male,Loyal Customer,44,Personal Travel,Eco,1456,0,4,0,1,5,0,5,5,4,3,5,4,5,5,0,0
91059,satisfied,Female,Loyal Customer,25,Personal Travel,Eco,2291,0,4,0,1,3,0,2,3,4,4,4,5,5,3,2,0
103089,satisfied,Male,Loyal Customer,17,Personal Travel,Eco,1827,0,4,0,1,4,0,4,4,4,2,3,5,4,4,0,0
70142,satisfied,Male,Loyal Customer,27,Personal Travel,Eco,1849,0,4,0,1,5,0,5,5,3,5,4,3,5,5,0,4
20860,satisfied,Female,Loyal Customer,55,Personal Travel,Eco,478,0,4,0,1,5,5,5,3,3,0,3,3,3,5,0,0
43247,satisfied,Male,Loyal Customer,49,Personal Travel,Business,483,0,4,0,1,2,5,5,3,3,0,3,5,3,3,0,0
3704,satisfied,Male,Loyal Customer,51,Personal Travel,Eco,1314,0,4,0,1,2,0,2,2,4,4,4,5,5,2,37,121
4787,satisfied,Male,Loyal Customer,15,Personal Travel,Eco,1934,0,4,0,1,5,0,5,5,3,3,4,5,4,5,0,0
5265,satisfied,Female,Loyal Customer,50,Personal Travel,Eco,379,0,4,0,1,5,5,5,5,5,0,4,5,5,4,0,0
54431,satisfied,Male,Loyal Customer,37,Personal Travel,Eco,1303,0,4,0,1,5,0,5,5,4,2,4,3,2,5,0,0
117321,satisfied,Female,Loyal Customer,36,Personal Travel,Eco Plus,1254,0,4,0,1,1,0,1,1,3,4,4,3,5,1,4,0
22841,satisfied,Male,Loyal Customer,61,Personal Travel,Eco,2145,0,4,0,1,5,0,4,5,4,3,3,5,5,5,7,0
23192,satisfied,Male,Loyal Customer,44,Personal Travel,Eco,1167,0,4,0,1,1,0,5,1,5,3,5,3,5,1,0,0
122870,satisfied,Female,Loyal Customer,10,Personal Travel,Eco,1721,0,4,0,1,5,0,5,5,3,2,4,4,4,5,0,0
98470,satisfied,Female,Loyal Customer,43,Personal Travel,Eco,239,0,4,0,1,4,3,5,1,1,0,1,1,1,5,0,0
95377,satisfied,Female,Loyal Customer,18,Personal Travel,Eco,1235,0,4,0,1,1,0,1,1,4,4,5,5,4,1,0,0
69177,satisfied,Female,Loyal Customer,64,Personal Travel,Eco,97,0,4,0,1,2,5,5,1,1,0,1,3,1,4,0,0
1291,satisfied,Male,Loyal Customer,35,Personal Travel,Eco,1746,0,4,0,1,4,0,4,4,5,4,5,3,5,4,0,0
32997,satisfied,Female,Loyal Customer,8,Personal Travel,Eco,1176,0,4,0,1,1,0,1,1,4,3,4,3,4,1,1,2
32987,satisfied,Female,Loyal Customer,48,Personal Travel,Eco,95,0,4,0,1,5,5,4,4,4,0,5,3,4,4,0,1
125046,satisfied,Female,Loyal Customer,52,Personal Travel,Eco,2338,0,4,0,2,4,3,5,5,5,0,5,3,5,5,0,0
75293,satisfied,Female,Loyal Customer,65,Personal Travel,Eco Plus,1853,0,4,0,2,3,4,1,2,2,0,2,5,2,2,0,0
61852,satisfied,Male,Loyal Customer,27,Personal Travel,Eco Plus,2510,0,4,0,2,5,0,5,5,1,2,3,3,5,5,14,8
79264,satisfied,Male,Loyal Customer,61,Personal Travel,Eco,2394,0,4,0,2,4,0,4,4,3,3,4,4,4,4,0,0
106253,satisfied,Male,Loyal Customer,41,Personal Travel,Business,1543,0,4,0,2,3,4,5,5,5,4,1,5,5,3,0,2
48311,satisfied,Male,Loyal Customer,23,Personal Travel,Eco,2675,0,4,0,2,2,0,2,2,4,5,5,3,5,2,6,0
93985,satisfied,Male,Loyal Customer,31,Personal Travel,Eco,2844,0,4,0,2,5,4,5,5,4,5,4,4,5,5,0,0
26305,satisfied,Male,Loyal Customer,41,Personal Travel,Eco Plus,2642,0,4,0,2,5,0,5,5,2,1,4,5,3,5,14,3
109914,satisfied,Male,Loyal Customer,13,Personal Travel,Eco,2510,0,4,0,2,5,0,5,5,3,4,4,3,4,5,0,0
64364,satisfied,Female,Loyal Customer,41,Personal Travel,Eco,2418,0,4,0,2,4,0,4,4,4,2,5,5,5,4,4,7
81546,satisfied,Male,Loyal Customer,8,Personal Travel,Eco,3001,0,4,0,2,4,0,3,4,3,2,4,5,5,4,0,0
67322,satisfied,Male,Loyal Customer,33,Personal Travel,Eco Plus,2492,0,4,0,2,4,0,5,4,5,3,3,4,5,4,2,0
37640,satisfied,Female,Loyal Customer,21,Personal Travel,Eco,2681,0,4,0,2,5,0,5,5,2,1,3,3,2,5,0,0
63550,satisfied,Male,Loyal Customer,33,Personal Travel,Eco,2098,0,4,0,2,2,0,2,2,3,2,5,4,5,2,0,0
4467,satisfied,Female,Loyal Customer,35,Personal Travel,Eco,1933,0,4,0,2,3,0,1,3,3,2,5,3,5,3,80,75
66714,satisfied,Female,Loyal Customer,8,Personal Travel,Eco,1981,0,4,0,2,4,0,1,4,4,2,4,3,5,4,12,0
96678,satisfied,Female,Loyal Customer,20,Personal Travel,Eco Plus,1672,0,4,0,2,1,0,1,1,3,5,4,5,5,1,17,17
8517,satisfied,Female,Loyal Customer,26,Personal Travel,Eco,2518,0,4,0,2,1,0,1,1,4,5,4,5,4,1,0,4
16015,satisfied,Female,Loyal Customer,46,Personal Travel,Eco,884,0,4,0,2,5,4,5,5,5,0,1,3,5,5,0,0
52888,satisfied,Female,Loyal Customer,31,Personal Travel,Eco,2051,0,4,0,2,5,0,5,5,3,5,4,4,5,5,0,0
98724,satisfied,Male,Loyal Customer,61,Personal Travel,Eco Plus,1807,0,4,0,2,1,0,1,1,5,2,5,4,4,1,0,0
19242,satisfied,Female,Loyal Customer,9,Personal Travel,Eco,2214,0,4,0,2,4,0,4,4,3,3,5,5,4,4,0,1
71260,satisfied,Male,Loyal Customer,24,Personal Travel,Eco,1540,0,4,0,2,2,0,2,2,4,5,5,5,2,2,0,0
20969,satisfied,Female,Loyal Customer,59,Personal Travel,Eco,715,0,4,0,2,5,5,4,2,2,4,2,3,2,3,24,37
78696,satisfied,Male,Loyal Customer,52,Personal Travel,Eco Plus,2173,0,4,0,2,1,0,1,1,5,4,5,5,4,1,2,0
33736,satisfied,Female,Loyal Customer,68,Personal Travel,Eco,709,0,4,0,2,5,5,4,2,2,0,3,3,2,3,0,0
29049,satisfied,Male,Loyal Customer,51,Personal Travel,Eco,2321,0,4,0,2,4,4,4,4,4,2,5,5,5,4,0,0
42707,satisfied,Male,Loyal Customer,13,Personal Travel,Eco,2153,0,4,0,2,1,0,1,1,5,3,5,4,4,1,0,0
106900,satisfied,Male,Loyal Customer,56,Personal Travel,Eco,2230,0,4,0,2,2,0,1,2,5,3,4,3,5,2,1,0
41415,satisfied,Female,Loyal Customer,53,Personal Travel,Eco,579,0,4,0,2,5,4,5,2,2,0,2,4,2,5,0,0
6172,satisfied,Male,Loyal Customer,33,Personal Travel,Eco,1237,0,4,0,2,3,0,3,3,2,2,1,5,5,3,3,10
17112,satisfied,Male,Loyal Customer,25,Personal Travel,Eco,1518,0,4,0,2,2,0,2,2,5,3,4,5,5,2,0,0
4161,satisfied,Male,Loyal Customer,28,Personal Travel,Eco,1170,0,4,0,2,2,0,3,2,3,2,4,3,4,2,0,0
116032,satisfied,Female,Loyal Customer,45,Personal Travel,Eco,440,0,4,0,2,3,2,5,4,4,0,4,3,4,4,0,0
62323,satisfied,Male,Loyal Customer,46,Personal Travel,Eco,1972,0,4,0,2,4,0,4,4,3,3,1,4,2,4,0,0
91119,satisfied,Female,Loyal Customer,65,Personal Travel,Eco,429,0,4,0,2,5,4,4,4,4,0,4,5,4,3,1,0
40613,satisfied,Female,Loyal Customer,54,Personal Travel,Eco,431,0,4,0,2,3,5,5,2,2,0,3,3,2,3,18,14
15480,satisfied,Male,Loyal Customer,29,Personal Travel,Eco,1691,0,4,0,2,4,0,4,4,4,2,5,4,5,4,0,0
129793,satisfied,Male,Loyal Customer,40,Personal Travel,Eco,1982,0,4,0,2,2,0,2,2,3,2,5,5,4,2,0,0
114563,satisfied,Male,Loyal Customer,28,Personal Travel,Business,1522,0,4,0,2,5,0,5,5,3,4,4,4,4,5,0,0
116529,satisfied,Female,Loyal Customer,44,Personal Travel,Eco,339,0,4,0,2,2,5,5,2,2,0,2,5,2,5,0,0
97264,satisfied,Male,Loyal Customer,34,Personal Travel,Eco,1348,0,4,0,2,2,0,2,2,5,3,4,5,5,2,3,3
116729,satisfied,Male,Loyal Customer,37,Personal Travel,Eco Plus,1446,0,4,0,2,4,0,4,4,4,5,5,5,4,4,7,3
65079,satisfied,Female,Loyal Customer,9,Personal Travel,Eco,1561,0,4,0,2,1,0,1,1,5,2,5,3,4,1,0,0
12455,satisfied,Male,Loyal Customer,64,Personal Travel,Eco,1590,0,4,0,2,3,0,3,3,1,4,5,3,1,3,0,0
45341,satisfied,Male,Loyal Customer,34,Personal Travel,Eco,2074,0,4,0,2,4,0,4,4,1,3,5,3,3,4,0,0
43902,satisfied,Female,Loyal Customer,40,Personal Travel,Eco,1766,0,4,0,2,3,0,3,3,3,2,4,3,5,3,0,0
24250,satisfied,Female,Loyal Customer,59,Personal Travel,Eco,91,0,4,0,2,2,4,4,5,5,0,5,3,5,3,0,0
57041,satisfied,Male,Loyal Customer,32,Personal Travel,Eco Plus,3442,0,4,0,3,0,5,5,1,4,3,5,5,4,5,0,0
56982,satisfied,Male,Loyal Customer,67,Personal Travel,Eco,3254,0,4,0,3,4,1,1,2,1,4,4,1,2,1,32,0
72098,satisfied,Female,Loyal Customer,19,Personal Travel,Eco,3775,0,4,0,3,2,0,2,2,3,3,4,1,4,2,19,0
36397,satisfied,Female,Loyal Customer,33,Personal Travel,Eco Plus,3384,0,4,0,3,1,0,1,1,3,5,4,5,4,1,0,0
62799,satisfied,Female,Loyal Customer,15,Personal Travel,Eco,3358,0,4,0,3,4,0,3,4,2,3,3,2,3,4,0,5
83280,satisfied,Female,Loyal Customer,51,Personal Travel,Eco,2020,0,4,0,3,5,3,3,4,4,0,4,1,4,2,8,0
108860,satisfied,Female,Loyal Customer,10,Personal Travel,Eco,3489,0,4,0,3,3,0,4,3,2,1,4,2,3,3,7,0
62641,satisfied,Male,Loyal Customer,37,Personal Travel,Eco,2975,0,4,0,3,3,0,2,3,4,4,5,2,3,3,8,0
55499,satisfied,Female,Loyal Customer,28,Personal Travel,Eco,3155,0,4,0,3,1,0,4,1,5,5,3,4,4,1,0,0
68355,satisfied,Female,Loyal Customer,51,Personal Travel,Eco,1629,0,4,0,3,4,4,5,5,5,0,5,4,5,4,0,3
120119,satisfied,Female,Loyal Customer,62,Personal Travel,Eco,1586,0,4,0,3,2,3,4,3,3,0,2,1,3,4,0,0
108637,satisfied,Male,Loyal Customer,23,Personal Travel,Eco,3148,0,4,0,3,4,0,4,4,3,3,4,5,4,4,0,0
29642,satisfied,Male,Loyal Customer,43,Personal Travel,Eco,2785,0,4,0,3,3,0,3,3,3,3,1,3,5,3,0,0
74659,satisfied,Female,Loyal Customer,70,Personal Travel,Eco,1464,0,4,0,3,3,5,4,1,1,0,1,4,1,5,11,0
71947,satisfied,Male,Loyal Customer,47,Personal Travel,Business,1469,0,4,0,3,5,5,4,1,1,0,1,4,1,3,0,0
8465,satisfied,Female,Loyal Customer,34,Personal Travel,Eco,3160,0,4,0,3,4,0,4,4,5,5,3,4,5,4,17,1
97187,satisfied,Female,Loyal Customer,44,Personal Travel,Eco,1221,0,4,0,3,3,4,5,2,2,0,2,4,2,4,0,0
91667,satisfied,Female,Loyal Customer,45,Personal Travel,Eco Plus,1204,0,4,0,3,5,3,3,2,2,0,2,5,2,5,0,0
81627,satisfied,Male,Loyal Customer,50,Personal Travel,Eco,2516,0,4,0,3,3,0,3,3,2,4,2,1,3,3,0,0
67218,satisfied,Male,Loyal Customer,44,Personal Travel,Eco,2831,0,4,0,3,3,0,3,3,4,3,4,5,5,3,1,0
108160,satisfied,Female,Loyal Customer,46,Personal Travel,Eco,1125,0,4,0,3,2,4,4,1,1,0,1,1,1,4,0,3
83117,satisfied,Female,Loyal Customer,18,Personal Travel,Eco,2083,0,4,0,3,1,0,1,1,2,1,4,5,1,1,0,0
35424,satisfied,Female,Loyal Customer,61,Personal Travel,Eco,1060,0,4,0,3,4,4,4,4,4,0,4,5,4,3,0,0
79347,satisfied,Female,Loyal Customer,34,Personal Travel,Eco,1934,0,4,0,3,4,0,4,4,4,3,1,2,5,4,4,0
58802,satisfied,Female,Loyal Customer,57,Personal Travel,Eco,1022,0,4,0,3,5,4,5,5,5,0,5,4,5,3,0,6
66734,satisfied,Female,Loyal Customer,65,Personal Travel,Eco,1002,0,4,0,3,5,5,4,1,1,0,1,3,1,3,0,0
25969,satisfied,Female,Loyal Customer,23,Personal Travel,Eco,2461,0,4,0,3,2,0,2,2,4,1,3,5,3,2,0,0
98656,satisfied,Male,Loyal Customer,16,Personal Travel,Eco,2604,0,4,0,3,4,0,4,4,4,2,5,5,4,4,4,14
87003,satisfied,Female,Loyal Customer,66,Personal Travel,Eco,914,0,4,0,3,5,5,4,5,5,0,5,5,5,4,5,0
54793,satisfied,Male,Loyal Customer,39,Personal Travel,Business,884,0,4,0,3,4,3,4,5,5,0,5,1,5,2,6,0
54895,satisfied,Male,Loyal Customer,66,Personal Travel,Eco,2332,0,4,0,3,2,0,2,2,4,5,5,4,5,2,3,0
121038,satisfied,Male,Loyal Customer,68,Personal Travel,Eco,2289,0,4,0,3,5,0,5,5,4,2,4,3,5,5,0,0
25335,satisfied,Male,Loyal Customer,34,Personal Travel,Eco,2122,0,4,0,3,4,0,4,4,4,3,4,5,4,4,0,1
86753,satisfied,Male,Loyal Customer,37,Personal Travel,Eco,2241,0,4,0,3,4,0,4,4,1,2,3,3,4,4,0,0
66737,satisfied,Male,Loyal Customer,43,Personal Travel,Eco,1773,0,4,0,3,2,0,4,2,4,5,3,3,4,2,0,0
100524,satisfied,Male,Loyal Customer,38,Personal Travel,Eco,2315,0,4,0,3,2,0,2,2,3,4,4,4,4,2,0,0
42349,satisfied,Male,Loyal Customer,24,Personal Travel,Eco,1880,0,4,0,3,5,0,5,5,4,5,5,5,2,5,0,2
45525,satisfied,Female,Loyal Customer,8,Personal Travel,Eco,2190,0,4,0,3,1,4,1,1,3,2,5,3,5,1,0,1
122136,satisfied,Male,Loyal Customer,21,Personal Travel,Business,1632,0,4,0,3,3,0,4,3,1,2,3,3,4,3,0,5
52099,satisfied,Male,Loyal Customer,52,Personal Travel,Eco,2176,0,4,0,3,4,0,4,4,3,2,4,3,4,4,64,53
4391,satisfied,Female,Loyal Customer,64,Personal Travel,Eco,624,0,4,0,3,4,4,4,1,1,0,3,4,1,5,0,0
25930,satisfied,Female,Loyal Customer,22,Personal Travel,Eco,1807,0,4,0,3,2,0,2,2,4,2,3,3,4,2,7,59
47560,satisfied,Female,Loyal Customer,47,Personal Travel,Eco Plus,622,0,4,0,3,5,4,5,2,2,4,3,4,2,3,0,0
110926,satisfied,Female,Loyal Customer,27,Personal Travel,Eco,1967,0,4,0,3,4,0,4,4,4,4,5,4,4,4,0,0
19056,satisfied,Male,Loyal Customer,9,Personal Travel,Business,1630,0,4,0,3,1,0,1,1,1,5,3,4,4,1,0,0
24739,satisfied,Female,Loyal Customer,26,Personal Travel,Business,1461,0,4,0,3,5,0,5,5,5,3,5,5,5,5,10,0
93910,satisfied,Female,Loyal Customer,34,Personal Travel,Business,523,0,4,0,3,4,4,5,2,2,0,2,5,2,4,89,76
55868,satisfied,Female,Loyal Customer,12,Personal Travel,Business,1813,0,4,0,3,1,0,1,1,2,5,4,3,3,1,14,44
98840,satisfied,Male,Loyal Customer,35,Personal Travel,Eco,2238,0,4,0,3,2,0,2,2,5,4,4,4,5,2,2,3
84245,satisfied,Female,Loyal Customer,41,Personal Travel,Eco Plus,466,0,4,0,3,4,5,5,4,4,0,4,4,4,4,0,0
84235,satisfied,Female,Loyal Customer,41,Personal Travel,Eco,1764,0,4,0,3,4,0,4,4,2,4,4,2,4,4,0,0
13176,satisfied,Female,Loyal Customer,20,Personal Travel,Business,1493,0,4,0,3,2,0,2,2,3,1,3,5,5,2,2,18
102461,satisfied,Female,Loyal Customer,7,Personal Travel,Eco,1474,0,4,0,3,3,0,3,3,4,2,5,3,5,3,0,0
102508,satisfied,Male,Loyal Customer,54,Personal Travel,Eco,1215,0,4,0,3,5,0,4,5,3,3,5,5,1,5,10,0
91257,satisfied,Male,Loyal Customer,54,Personal Travel,Eco,1844,0,4,0,3,2,0,2,2,3,5,4,4,4,2,0,0
17749,satisfied,Female,Loyal Customer,31,Personal Travel,Eco,1597,0,4,0,3,1,0,1,1,4,3,5,3,5,1,1,0
124733,satisfied,Male,Loyal Customer,24,Personal Travel,Eco,1789,0,4,0,3,1,0,1,1,4,3,5,3,4,1,0,0
124738,satisfied,Female,Loyal Customer,23,Personal Travel,Eco Plus,1927,0,4,0,3,3,0,3,3,4,5,5,5,4,3,0,0
107085,satisfied,Male,Loyal Customer,50,Personal Travel,Eco Plus,1104,0,4,0,3,1,0,1,1,4,4,4,3,4,1,0,0
53586,satisfied,Male,Loyal Customer,44,Personal Travel,Eco,1063,0,4,0,3,4,0,4,4,4,5,4,5,5,4,0,0
40605,satisfied,Male,Loyal Customer,15,Personal Travel,Eco,1621,0,4,0,3,2,0,4,2,1,4,1,2,2,2,5,0
9786,satisfied,Male,Loyal Customer,56,Personal Travel,Eco,1795,0,4,0,3,5,0,5,5,5,4,4,4,4,5,0,0
18715,satisfied,Female,Loyal Customer,32,Personal Travel,Eco Plus,1869,0,4,0,3,4,0,4,4,5,5,5,5,4,4,0,0
17881,satisfied,Male,Loyal Customer,25,Personal Travel,Eco,1398,0,4,0,3,4,0,1,4,1,3,4,2,3,4,6,0
116778,satisfied,Male,Loyal Customer,25,Personal Travel,Eco Plus,1957,0,4,0,3,4,0,4,4,5,4,5,5,4,4,0,0
116528,satisfied,Male,Loyal Customer,40,Personal Travel,Eco,1139,0,4,0,3,5,0,5,5,4,4,5,3,5,5,0,0
63437,satisfied,Female,Loyal Customer,18,Personal Travel,Eco,1984,0,4,0,3,2,0,2,2,4,2,5,5,5,2,0,0
116321,satisfied,Female,Loyal Customer,57,Personal Travel,Eco,340,0,4,0,3,4,4,4,1,1,0,1,3,1,3,3,0
115992,satisfied,Female,Loyal Customer,15,Personal Travel,Eco,1434,0,4,0,3,2,0,2,2,2,4,1,3,3,2,11,3
39023,satisfied,Female,Loyal Customer,34,Personal Travel,Eco,2232,0,4,0,3,5,0,5,5,4,2,4,5,4,5,127,131
129806,satisfied,Female,Loyal Customer,13,Personal Travel,Eco,1507,0,4,0,3,4,0,4,4,2,1,2,3,3,4,0,0
8584,satisfied,Female,Loyal Customer,30,Personal Travel,Eco,1397,0,4,0,3,2,0,2,2,3,4,5,4,4,2,0,0
6470,satisfied,Male,Loyal Customer,58,Personal Travel,Eco Plus,1213,0,4,0,3,3,0,3,3,3,2,4,3,4,3,0,0
100047,satisfied,Male,Loyal Customer,45,Personal Travel,Eco,1588,0,4,0,3,4,0,4,4,4,3,4,4,5,4,0,0
91018,satisfied,Female,Loyal Customer,43,Personal Travel,Eco,286,0,4,0,3,5,4,4,2,2,0,2,3,2,1,1,7
48282,satisfied,Male,Loyal Customer,9,Personal Travel,Eco Plus,1890,0,4,0,3,1,0,1,1,5,3,2,2,5,1,0,0
119214,satisfied,Male,Loyal Customer,68,Personal Travel,Eco,1780,0,4,0,3,5,0,5,5,5,5,2,3,5,5,6,18
18679,satisfied,Male,Loyal Customer,19,Personal Travel,Eco,1843,0,4,0,3,2,0,2,2,3,1,4,2,3,2,0,0
23709,satisfied,Female,Loyal Customer,30,Personal Travel,Eco,1444,0,4,0,3,2,0,2,2,4,2,5,5,5,2,0,0
95014,satisfied,Female,Loyal Customer,35,Personal Travel,Eco,2059,0,4,0,3,1,0,1,1,3,5,4,3,4,1,2,0
113607,satisfied,Female,Loyal Customer,40,Personal Travel,Eco,1163,0,4,0,3,4,0,4,4,2,3,3,3,4,4,0,0
6818,satisfied,Male,Loyal Customer,30,Personal Travel,Eco,1635,0,4,0,3,1,0,1,1,3,1,5,5,4,1,3,4
73775,satisfied,Male,Loyal Customer,44,Personal Travel,Eco,2002,0,4,0,3,5,0,5,5,3,2,4,3,4,5,0,0
11233,satisfied,Female,Loyal Customer,69,Personal Travel,Eco,201,0,4,0,3,1,2,3,2,2,0,2,1,2,4,2,0
1183,satisfied,Male,Loyal Customer,60,Personal Travel,Eco,1240,0,4,0,3,2,0,2,2,3,4,5,4,4,2,0,5
52680,satisfied,Female,Loyal Customer,54,Personal Travel,Eco,113,0,4,0,3,1,3,2,1,1,0,3,1,1,3,0,0
33258,satisfied,Male,Loyal Customer,46,Personal Travel,Eco Plus,1060,0,4,0,3,1,0,1,1,4,1,4,3,4,1,2,4
31986,satisfied,Male,Loyal Customer,17,Personal Travel,Business,1079,0,4,0,3,1,0,1,1,4,4,4,3,4,1,0,0
27199,satisfied,Female,Loyal Customer,17,Personal Travel,Business,4242,0,4,0,4,0,2,2,5,3,4,5,2,4,2,0,7
28651,satisfied,Female,Loyal Customer,41,Personal Travel,Eco,3657,0,4,0,4,2,0,2,2,1,2,3,4,4,2,0,0
129111,satisfied,Female,Loyal Customer,9,Personal Travel,Eco,3454,0,4,0,4,2,0,2,2,4,5,3,5,3,2,0,0
120538,satisfied,Female,Loyal Customer,8,Personal Travel,Business,4079,0,4,0,4,4,0,4,4,4,1,5,3,2,4,0,0
60854,satisfied,Female,Loyal Customer,34,Personal Travel,Eco,2875,0,4,0,4,2,0,2,2,3,1,4,3,3,2,0,0
70905,satisfied,Female,Loyal Customer,53,Personal Travel,Eco,1728,0,4,0,4,4,5,5,3,3,0,5,5,3,5,84,86
91850,satisfied,Female,Loyal Customer,48,Personal Travel,Eco,1660,0,4,0,4,4,3,4,2,2,0,2,4,2,3,0,0
65873,satisfied,Female,Loyal Customer,48,Personal Travel,Eco,1427,0,4,0,4,2,2,2,3,3,0,3,4,3,1,0,0
65984,satisfied,Female,Loyal Customer,7,Personal Travel,Eco,2945,0,4,0,4,1,0,1,1,3,2,5,3,4,1,0,0
36642,satisfied,Male,Loyal Customer,67,Personal Travel,Eco,2972,0,4,0,4,5,0,5,5,1,3,5,3,4,5,0,0
41215,satisfied,Female,Loyal Customer,51,Personal Travel,Eco,1134,0,4,0,4,5,4,4,2,2,0,2,2,2,1,35,36
70348,satisfied,Female,Loyal Customer,49,Personal Travel,Eco,1027,0,4,0,4,2,3,4,5,5,0,1,1,5,1,0,0
59976,satisfied,Female,Loyal Customer,14,Personal Travel,Eco,2875,0,4,0,4,3,0,3,3,5,4,5,5,4,3,11,4
23956,satisfied,Female,Loyal Customer,56,Personal Travel,Eco,983,0,4,0,4,5,4,4,2,2,0,2,3,2,1,0,0
72285,satisfied,Male,Loyal Customer,18,Personal Travel,Eco,2317,0,4,0,4,3,0,3,3,4,3,4,5,5,3,1,0
110283,satisfied,Female,Loyal Customer,48,Personal Travel,Business,953,0,4,0,4,5,3,3,1,1,0,1,4,1,4,0,0
105990,satisfied,Male,Loyal Customer,47,Personal Travel,Eco,2738,0,4,0,4,1,0,1,1,3,5,5,4,5,1,15,33
125703,satisfied,Female,Loyal Customer,36,Personal Travel,Eco,1819,0,4,0,4,5,0,5,5,4,5,1,1,3,5,0,0
39353,satisfied,Female,Loyal Customer,49,Personal Travel,Business,920,0,4,0,4,3,4,4,3,3,0,5,2,3,4,0,0
75784,satisfied,Female,Loyal Customer,46,Personal Travel,Eco,868,0,4,0,4,5,1,3,1,1,0,1,2,1,4,0,0
60504,satisfied,Female,Loyal Customer,9,Personal Travel,Eco,1580,0,4,0,4,3,4,3,3,3,3,5,4,2,3,1,5
59729,satisfied,Female,Loyal Customer,22,Personal Travel,Eco Plus,2649,0,4,0,4,5,0,5,5,3,5,4,3,5,5,0,1
54713,satisfied,Male,Loyal Customer,29,Personal Travel,Eco,2391,0,4,0,4,0,2,2,3,3,5,5,2,5,2,158,222
61252,satisfied,Female,Loyal Customer,20,Personal Travel,Eco,2575,0,4,0,4,5,4,5,5,5,2,4,3,4,5,0,8
26512,satisfied,Male,Loyal Customer,20,Personal Travel,Eco Plus,2446,0,4,0,4,3,4,3,3,4,4,5,3,5,3,26,32
3969,satisfied,Male,Loyal Customer,32,Personal Travel,Eco,1940,0,4,0,4,3,0,1,3,3,4,4,4,5,3,0,0
109239,satisfied,Male,Loyal Customer,41,Personal Travel,Eco,2350,0,4,0,4,3,0,3,3,1,2,1,3,5,3,0,0
56445,satisfied,Male,Loyal Customer,21,Personal Travel,Eco,2082,0,4,0,4,2,0,2,2,4,5,3,4,4,2,14,29
68980,satisfied,Male,Loyal Customer,14,Personal Travel,Eco,1757,0,4,0,4,4,0,4,4,3,4,4,4,5,4,0,0
21270,satisfied,Male,Loyal Customer,50,Personal Travel,Business,722,0,4,0,4,3,4,5,2,2,0,2,4,2,5,0,0
120747,satisfied,Male,Loyal Customer,63,Personal Travel,Business,714,0,4,0,4,2,5,4,1,1,0,1,3,1,5,0,0
123289,satisfied,Male,Loyal Customer,21,Personal Travel,Eco,2371,0,4,0,4,2,0,2,2,4,2,4,2,4,2,0,0
6283,satisfied,Male,Loyal Customer,42,Personal Travel,Eco,2315,0,4,0,4,3,0,3,3,3,4,5,4,4,3,1,0
107373,satisfied,Female,Loyal Customer,42,Personal Travel,Eco Plus,618,0,4,0,4,2,5,5,2,2,0,2,5,2,5,0,0
100522,satisfied,Male,Loyal Customer,22,Personal Travel,Eco,1388,0,4,0,4,4,0,4,4,3,4,4,5,4,4,2,0
40888,satisfied,Male,Loyal Customer,41,Personal Travel,Eco,1986,0,4,0,4,5,0,3,5,5,4,4,5,5,5,0,0
110612,satisfied,Female,Loyal Customer,69,Personal Travel,Eco Plus,562,0,4,0,4,5,3,4,5,5,0,5,4,5,1,4,0
110954,satisfied,Female,Loyal Customer,21,Personal Travel,Eco Plus,1762,0,4,0,4,2,0,5,2,3,5,4,4,4,2,0,0
44902,satisfied,Female,Loyal Customer,33,Personal Travel,Eco,2142,0,4,0,4,5,0,5,5,4,3,4,3,3,5,2,4
20863,satisfied,Male,Loyal Customer,23,Personal Travel,Eco,2135,0,4,0,4,4,0,4,4,5,4,4,4,4,4,0,0
78517,satisfied,Male,Loyal Customer,69,Personal Travel,Eco,1832,0,4,0,4,1,0,1,1,3,4,5,5,5,1,14,0
92688,satisfied,Female,Loyal Customer,38,Personal Travel,Eco,2001,0,4,0,4,1,0,1,1,4,4,4,5,4,1,13,1
10239,satisfied,Female,Loyal Customer,60,Personal Travel,Business,503,0,4,0,4,4,3,4,3,3,0,3,1,3,4,20,4
25738,satisfied,Female,Loyal Customer,44,Personal Travel,Eco,467,0,4,0,4,3,4,5,5,5,0,2,3,5,4,0,0
96513,satisfied,Male,Loyal Customer,54,Personal Travel,Eco,1445,0,4,0,4,4,0,4,4,3,5,4,5,5,4,20,19
3753,satisfied,Male,Loyal Customer,17,Personal Travel,Eco Plus,1191,0,4,0,4,1,0,3,1,4,3,5,5,5,1,0,0
26688,satisfied,Male,Loyal Customer,58,Personal Travel,Eco,1208,0,4,0,4,3,0,3,3,5,5,4,4,5,3,0,0
107734,satisfied,Female,Loyal Customer,68,Personal Travel,Eco,431,0,4,0,4,5,5,4,3,3,0,3,3,3,4,0,0
107729,satisfied,Male,Loyal Customer,17,Personal Travel,Eco,1194,0,4,0,4,4,0,4,4,4,3,3,1,3,4,14,14
8223,satisfied,Female,Loyal Customer,44,Personal Travel,Eco,418,0,4,0,4,3,4,5,2,2,0,2,4,2,4,0,0
21521,satisfied,Female,Loyal Customer,17,Personal Travel,Eco,1073,0,4,0,4,2,0,2,2,3,4,5,4,5,2,0,0
118753,satisfied,Male,Loyal Customer,37,Personal Travel,Eco,1559,0,4,0,4,5,0,5,5,1,3,3,3,3,5,0,0
99184,satisfied,Female,Loyal Customer,70,Personal Travel,Eco,359,0,4,0,4,2,4,5,3,3,0,3,5,3,5,0,0
100741,satisfied,Female,Loyal Customer,39,Personal Travel,Eco,1325,0,4,0,4,1,0,5,1,4,4,2,3,2,1,12,0
117312,satisfied,Male,Loyal Customer,37,Personal Travel,Eco Plus,1897,0,4,0,4,5,0,5,5,4,3,1,4,3,5,3,0
21225,satisfied,Female,Loyal Customer,19,Personal Travel,Eco,1549,0,4,0,4,2,0,2,2,2,2,4,2,4,2,0,0
5710,satisfied,Female,Loyal Customer,63,Personal Travel,Eco,299,0,4,0,4,3,4,4,1,1,0,1,3,1,4,12,0
105911,satisfied,Male,Loyal Customer,33,Personal Travel,Eco,1478,0,4,0,4,1,0,1,1,5,4,5,3,5,1,0,0
26707,satisfied,Female,Loyal Customer,41,Personal Travel,Eco,1572,0,4,0,4,3,0,3,3,3,2,5,3,5,3,0,0
129441,satisfied,Female,Loyal Customer,67,Personal Travel,Eco,282,0,4,0,4,4,5,5,1,1,0,1,5,1,3,0,0
113608,satisfied,Male,Loyal Customer,65,Personal Travel,Eco,1784,0,4,0,4,5,0,4,5,4,4,4,5,4,5,0,0
18725,satisfied,Female,Loyal Customer,37,Personal Travel,Eco Plus,977,0,4,0,4,3,0,3,3,5,3,5,4,4,3,0,0
124954,satisfied,Female,Loyal Customer,12,Personal Travel,Business,1419,0,4,0,4,4,0,4,4,1,1,3,1,1,4,0,0
7104,satisfied,Female,Loyal Customer,21,Personal Travel,Eco,1048,0,4,0,4,5,0,5,5,5,2,4,5,4,5,0,0
122090,satisfied,Male,Loyal Customer,41,Personal Travel,Eco,964,0,4,0,4,1,0,1,1,2,5,3,1,4,1,0,0
33087,satisfied,Female,Loyal Customer,40,Personal Travel,Eco,1131,0,4,0,4,1,0,1,1,4,4,4,5,5,1,0,0
28646,satisfied,Female,Loyal Customer,66,Personal Travel,Eco,2486,0,4,0,5,2,5,5,5,5,0,5,4,5,5,0,0
83274,satisfied,Female,Loyal Customer,38,Personal Travel,Eco,3860,0,4,0,5,3,0,3,3,2,5,4,4,2,3,14,28
114087,satisfied,Male,Loyal Customer,12,Personal Travel,Eco,2947,0,4,0,5,1,0,1,1,5,3,5,4,5,1,25,18
113933,satisfied,Female,Loyal Customer,51,Personal Travel,Business,1881,0,4,0,5,2,5,5,5,5,0,2,4,5,3,4,0
70580,satisfied,Male,Loyal Customer,62,Personal Travel,Eco,2576,0,4,0,5,4,0,4,4,3,4,5,5,4,4,0,0
81133,satisfied,Male,Loyal Customer,70,Personal Travel,Eco,2563,0,4,0,5,2,0,2,2,3,2,4,4,4,2,0,0
99595,satisfied,Male,Loyal Customer,37,Personal Travel,Eco,2215,0,4,0,5,4,0,4,4,4,3,4,3,5,4,0,0
97967,satisfied,Female,Loyal Customer,16,Personal Travel,Eco,1833,0,4,0,5,5,0,5,5,4,2,5,5,4,5,0,0
3705,satisfied,Female,Loyal Customer,37,Personal Travel,Eco,2080,0,4,0,5,4,0,4,4,4,3,4,5,5,4,9,23
30342,satisfied,Male,Loyal Customer,56,Personal Travel,Eco,2227,0,4,0,5,3,0,1,3,3,3,3,1,4,3,0,0
9449,satisfied,Male,Loyal Customer,7,Personal Travel,Eco,1927,0,4,0,5,3,0,3,3,3,4,5,4,5,3,0,0
63403,satisfied,Female,Loyal Customer,54,Personal Travel,Eco,371,0,4,0,5,3,4,4,5,5,0,5,4,5,4,0,3
129847,satisfied,Female,Loyal Customer,16,Personal Travel,Eco,2016,0,4,0,5,3,0,3,3,5,2,4,4,5,3,0,0
1386,satisfied,Male,Loyal Customer,50,Personal Travel,Eco Plus,1235,0,4,0,5,4,0,3,4,4,4,4,3,4,4,18,10
103172,satisfied,Male,Loyal Customer,20,Personal Travel,Eco,2110,0,4,0,5,4,0,4,4,4,3,4,4,5,4,6,3
99118,satisfied,Male,Loyal Customer,46,Personal Travel,Eco,1456,0,4,0,5,1,0,1,1,5,5,5,5,5,1,0,0
69993,satisfied,Male,Loyal Customer,45,Personal Travel,Eco,1061,0,4,0,5,2,0,2,2,3,2,4,5,5,2,2,1
32837,satisfied,Male,Loyal Customer,60,Personal Travel,Eco,1396,0,4,0,5,2,0,2,2,4,2,4,5,5,2,0,0
11079,satisfied,Female,Loyal Customer,27,Personal Travel,Eco,975,0,4,0,5,2,0,2,2,4,4,5,5,4,2,0,0
93228,satisfied,Female,Loyal Customer,28,Personal Travel,Eco,2300,0,4,1,1,1,1,1,1,3,2,3,5,5,1,14,12
38173,satisfied,Female,Loyal Customer,50,Personal Travel,Eco,1281,0,4,1,1,3,3,5,4,4,1,4,3,4,3,0,0
58723,satisfied,Male,Loyal Customer,42,Personal Travel,Business,1009,0,4,1,1,4,5,4,1,1,1,1,5,1,5,72,61
42692,satisfied,Female,Loyal Customer,65,Personal Travel,Eco,632,0,4,1,1,3,5,5,3,3,1,4,5,3,4,0,0
41014,satisfied,Male,Loyal Customer,29,Personal Travel,Business,2744,0,4,1,2,2,1,1,2,4,2,3,3,5,2,15,3
81132,satisfied,Male,Loyal Customer,68,Personal Travel,Eco,2231,0,4,1,2,5,1,5,5,4,2,5,4,4,5,0,0
23344,satisfied,Female,Loyal Customer,61,Personal Travel,Eco,711,0,4,1,2,3,4,4,1,1,1,1,4,1,5,0,0
118972,satisfied,Female,Loyal Customer,65,Personal Travel,Eco,587,0,4,1,2,2,5,5,2,2,1,2,3,2,4,0,0
98161,satisfied,Female,Loyal Customer,31,Personal Travel,Eco,2108,0,4,1,2,1,1,5,1,4,4,5,3,5,1,31,35
59389,satisfied,Female,Loyal Customer,50,Personal Travel,Eco,2409,0,4,1,3,5,4,5,3,3,1,3,4,3,4,0,0
37693,satisfied,Male,Loyal Customer,51,Personal Travel,Eco,2280,0,4,1,3,5,1,4,5,4,3,5,3,5,5,7,9
54790,satisfied,Male,Loyal Customer,41,Personal Travel,Business,1035,0,4,1,3,4,3,4,3,3,1,3,1,3,3,0,0
22197,satisfied,Female,Loyal Customer,39,Personal Travel,Eco,1920,0,4,1,3,3,1,1,3,4,2,5,4,5,3,0,0
91639,satisfied,Male,Loyal Customer,55,Personal Travel,Eco,2393,0,4,1,4,4,1,4,4,1,2,4,2,4,4,0,0
121025,satisfied,Male,Loyal Customer,49,Personal Travel,Eco,2202,0,4,1,4,4,1,4,4,2,1,4,4,3,4,0,0
54722,satisfied,Female,Loyal Customer,28,Personal Travel,Eco,1823,0,4,1,4,3,1,3,3,3,3,5,5,4,3,0,0
27545,satisfied,Male,Loyal Customer,24,Personal Travel,Eco,2139,0,4,1,5,1,1,1,1,5,4,5,4,4,1,0,0
59267,satisfied,Female,Loyal Customer,13,Personal Travel,Eco,6792,0,5,0,1,0,1,1,3,4,5,5,1,3,1,3,0
28457,satisfied,Male,Loyal Customer,43,Personal Travel,Eco,3714,0,5,0,1,0,5,5,3,4,5,5,5,5,5,0,0
53089,satisfied,Female,Loyal Customer,55,Personal Travel,Eco,2342,0,5,0,1,3,5,5,5,5,5,3,3,5,3,0,0
123518,satisfied,Male,Loyal Customer,12,Personal Travel,Eco,3113,0,5,0,1,0,1,1,5,2,4,5,1,3,1,0,3
68329,satisfied,Female,Loyal Customer,51,Personal Travel,Eco,2200,0,5,0,1,5,3,5,5,5,0,3,4,5,3,10,6
55976,satisfied,Male,Loyal Customer,68,Personal Travel,Eco,2992,0,5,0,1,5,0,5,5,5,5,5,4,4,5,0,0
55163,satisfied,Female,Loyal Customer,29,Personal Travel,Eco,3270,0,5,0,1,4,0,4,4,5,3,4,4,4,4,11,5
67892,satisfied,Male,Loyal Customer,16,Personal Travel,Eco,2697,0,5,0,1,1,0,1,1,5,2,4,4,4,1,0,0
93984,satisfied,Female,Loyal Customer,35,Personal Travel,Eco,2689,0,5,0,1,4,0,4,4,5,4,4,5,4,4,0,19
61748,satisfied,Female,Loyal Customer,54,Personal Travel,Eco,1343,0,5,0,1,4,4,5,2,2,0,4,3,2,3,25,41
92742,satisfied,Male,Loyal Customer,39,Personal Travel,Eco,2990,0,5,0,1,4,0,4,4,5,2,5,4,4,4,68,63
73489,satisfied,Male,Loyal Customer,50,Personal Travel,Eco,2466,0,5,0,1,2,0,2,2,3,3,1,3,3,2,1,0
27694,satisfied,Male,Loyal Customer,25,Personal Travel,Eco,1788,0,5,0,1,2,0,2,2,5,4,5,3,4,2,0,0
28242,satisfied,Female,Loyal Customer,70,Personal Travel,Eco,1016,0,5,0,1,4,4,4,2,2,0,3,5,2,4,0,0
61327,satisfied,Male,Loyal Customer,53,Personal Travel,Eco Plus,2050,0,5,0,1,3,0,3,3,5,4,4,3,4,3,0,0
56665,satisfied,Female,Loyal Customer,13,Personal Travel,Eco,1976,0,5,0,1,1,0,1,1,5,3,5,5,4,1,0,4
64089,satisfied,Male,Loyal Customer,54,Personal Travel,Eco,2220,0,5,0,1,4,5,4,4,4,4,4,4,5,4,0,3
15152,satisfied,Female,Loyal Customer,32,Personal Travel,Eco,2091,0,5,0,1,3,0,5,3,5,4,4,4,4,3,3,0
119874,satisfied,Female,Loyal Customer,21,Personal Travel,Eco,2144,0,5,0,1,1,0,1,1,4,3,5,3,5,1,2,0
59653,satisfied,Male,Loyal Customer,68,Personal Travel,Eco,1717,0,5,0,1,3,0,3,3,3,2,5,5,5,3,4,0
107125,satisfied,Female,Loyal Customer,26,Personal Travel,Eco,1870,0,5,0,1,4,0,4,4,3,3,5,4,3,4,12,0
30417,satisfied,Female,Loyal Customer,55,Personal Travel,Eco Plus,816,0,5,0,1,3,5,4,3,3,0,3,4,3,3,0,5
16291,satisfied,Female,Loyal Customer,52,Personal Travel,Eco,788,0,5,0,1,3,5,4,4,4,0,4,5,4,5,0,0
86650,satisfied,Female,Loyal Customer,29,Personal Travel,Eco,2325,0,5,0,1,4,0,5,4,5,5,4,4,4,4,0,0
17206,satisfied,Female,Loyal Customer,63,Personal Travel,Eco,736,0,5,0,1,2,5,4,5,5,0,5,4,5,4,0,0
101985,satisfied,Female,Loyal Customer,20,Personal Travel,Eco,2295,0,5,0,1,1,0,1,1,3,4,4,3,5,1,16,4
46160,satisfied,Female,Loyal Customer,27,Personal Travel,Eco,2231,0,5,0,1,0,3,3,5,5,4,5,3,5,3,180,175
10057,satisfied,Male,Loyal Customer,49,Personal Travel,Business,604,0,5,0,1,2,3,5,4,4,0,4,4,4,4,0,0
124380,satisfied,Male,Loyal Customer,68,Personal Travel,Eco,1606,0,5,0,1,2,0,2,2,4,5,4,3,4,2,0,0
122554,satisfied,Male,Loyal Customer,12,Personal Travel,Eco,1745,0,5,0,1,2,0,2,2,5,2,4,5,5,2,0,0
116440,satisfied,Female,Loyal Customer,22,Personal Travel,Eco,1638,0,5,0,1,1,0,3,1,3,2,5,4,5,1,0,0
78859,satisfied,Male,Loyal Customer,52,Personal Travel,Eco Plus,1642,0,5,0,1,4,0,4,4,4,3,5,5,4,4,0,0
105346,satisfied,Male,Loyal Customer,63,Personal Travel,Eco,1652,0,5,0,1,4,0,4,4,4,4,4,4,4,4,0,0
43954,satisfied,Male,Loyal Customer,51,Personal Travel,Eco,1629,0,5,0,1,4,0,1,4,2,1,1,1,4,4,10,38
20175,satisfied,Female,Loyal Customer,25,Personal Travel,Eco,1651,0,5,0,1,3,0,3,3,5,2,4,5,4,3,7,5
21493,satisfied,Male,Loyal Customer,37,Personal Travel,Eco,1560,0,5,0,1,5,0,5,5,4,3,5,4,5,5,0,0
40267,satisfied,Male,Loyal Customer,67,Personal Travel,Eco,2123,0,5,0,1,3,0,3,3,5,5,4,4,4,3,0,0
17747,satisfied,Male,Loyal Customer,52,Personal Travel,Eco,2102,0,5,0,1,1,0,1,1,4,4,5,5,5,1,0,0
115955,satisfied,Male,Loyal Customer,30,Personal Travel,Eco,1695,0,5,0,1,2,0,3,2,3,5,4,5,4,2,0,0
75615,satisfied,Male,Loyal Customer,22,Personal Travel,Eco,2162,0,5,0,1,5,0,5,5,5,2,4,5,5,5,0,0
11109,satisfied,Male,Loyal Customer,11,Personal Travel,Eco,1217,0,5,0,1,5,0,5,5,5,3,5,4,5,5,0,0
21115,satisfied,Male,Loyal Customer,20,Personal Travel,Eco,1827,0,5,0,1,4,0,4,4,1,1,3,1,3,4,0,0
44470,satisfied,Male,Loyal Customer,23,Personal Travel,Eco,1788,0,5,0,1,2,0,2,2,4,1,5,1,5,2,18,13
50880,satisfied,Female,Loyal Customer,54,Personal Travel,Eco,237,0,5,0,1,4,4,5,3,3,0,5,3,3,4,0,0
21490,satisfied,Female,Loyal Customer,68,Personal Travel,Eco,71,0,5,0,1,2,5,4,2,2,0,1,5,2,4,11,3
46741,satisfied,Female,Loyal Customer,20,Personal Travel,Eco,1621,0,5,0,1,5,0,3,5,4,3,5,3,5,5,0,0
52664,satisfied,Female,Loyal Customer,66,Personal Travel,Eco,86,0,5,0,1,4,3,4,2,2,0,2,1,2,2,0,0